,RMSE,MAE,R2
Part11_E,0.012285394264712913,0.009504903043878705,0.9191223609969347
Part1_E,0.004169700647231429,0.003534481775990218,0.08083160256507511
Part3_E,0.007709524411623855,0.005532807598987224,0.9920553057287771
