,RMSE,MAE,R2
Part11_E,0.012300097528021395,0.009533905068256573,0.9189302073712933
Part1_E,0.004189261825421458,0.0035527861314004713,0.07218893249943073
Part3_E,0.00771072564957484,0.005528096947544093,0.9920525794737077
