,RMSE,MAE,R2
Part11_E,0.0009263986165769487,0.0006424645031652513,0.9995398104848242
Part1_E,0.00013473204632249018,8.54550030101322e-05,0.999038936033801
Part3_E,0.0005952063083971579,0.00044441841605679327,0.9999526527855215
