,RMSE,MAE,R2
Part1_E,0.008602035684883413,0.007422066282046631,-2.911420204390182
Part3_E,0.1694962765089745,0.14582051927354922,-2.838529559752723
Part11_E,0.0855519558940805,0.0738504702235514,-2.9209417158852613
