,RMSE,MAE,R2
Part1_E,0.006277943820670617,0.005117799882571751,-1.0833721057016206
Part3_E,0.043759469961364296,0.03223459943473981,0.7441480854757949
Part11_E,0.018339535919242946,0.013994808971226432,0.8198197503677289
